0x7fffffff,5414ba3f-2c77-334f-9dff-1d710a6ed08d
0_0,aac7236b-04a9-3773-af22-16244ec73c00
18_9_c,dd08521b-db75-3e79-888f-08cbcb1c3f23
2000,f1eab7a0-679d-3f14-938a-e4783c93e2b6
8019,3c6e4e89-1570-37e5-91c2-6ae5c4555e0c
9_degree,da9722f1-5031-367c-a6a9-7f4e78e67d0c
aaa,a97d7027-1ae1-3ce0-86e3-0fd135c5661e
adamkeynes,70dc6e4c-d927-3576-a971-02b48a32a790
admin,36881d51-7477-3eb6-91a1-dfc11065590d
administrator,34ef389f-c6dc-320e-bf49-ba8b34c0607f
aldslvda,c2bf16e0-44f7-3422-a88e-fa07eb66d7c7
ali,ebfa60e3-44c1-3237-900b-774750ed9ef4
allfather,88a427a1-ec58-3e28-bac2-5972c538c0fd
alphanow,ec260485-ecc8-30d8-8674-8ac18db3a3b8
altar,a14bf831-1bcf-3727-b787-bba0fce06bcf
altard,ae73de62-3305-30ec-b1ff-cb6e7ce5f110
andy,5d7a5c3b-f554-3f09-a283-c01d699d65a6
anon,ef7f17a3-b7a6-326b-8826-a935732f6c9d
armour,73904bfb-d503-3802-95a3-272c326afbe5
arthas,5c42f8d4-0707-3ca3-a288-f2e99f641caa
asus,4fcd8427-8d0c-399d-a74a-cb52dbcbcf38
axel_hu,676711e5-fdbc-3867-a888-fa77cb4cdee5
baidandan,93a019ed-c436-344a-be41-565ede2e5643
bai_dandan,5426de29-90f4-39ac-bc33-b92eb5abf2ef
beater,624e454c-6f86-3fdf-8c9c-14e8776035d4
berlin,750353ef-f9fa-359c-acf0-53bf584e76a2
big,729718c5-772f-3e41-aaf9-7259f35a0be3
bighammerwang,5e037fe3-27af-3c43-be5e-2289548bb9d7
bighammewang,283c9c6a-1bc5-3faf-a9f1-2785c3be44a4
bighammewangr,2359cfbb-9f5c-3f1e-9a5c-4b8a5bffc230
bikvy,eae8582d-6aab-3817-b8e1-2d9c84a31379
bingo,99414867-a2aa-3113-92b5-e0a0eec99b09
binxian,ba5c7dd4-8ef6-3b1c-a701-7d4ad7fd9aba
birdlet,ee403fda-cb48-3244-a137-f9190fc0482e
blackwhite,6d7e2bbb-2776-3d62-809e-a091ab243c38
blgbrother,c6f934a6-6165-3d52-baa2-1ca4db7c97dd
blueland,ac64418f-64e6-3add-93fa-8cb8b1fd5ec0
blue_s_word,ba83987f-7b80-3a0d-bdda-e0a3b0f384ff
bob,faa5dca3-c3d4-354b-ae1b-dde9e5a14b3b
bolyor,3c53793b-28a2-3260-aa49-10f1921be59f
bruce_ming,531d56b9-6c54-39a3-a3b5-142167a921f2
bryandeng,241677ae-19ef-3d99-87f1-b2ebf0c42463
chang,a2128fe2-4c77-3017-9a02-171c57c7d7cf
changchi,2d7af848-c642-300d-87f2-1df060406656
chu_kochen,fca696ca-a650-3db0-8ed8-cff0a90210c6
cirno,85bee4ae-0d36-3c26-ba60-651531963f8a
clover,a86f6fa4-2012-3923-9f1a-d9d6a6a3f370
co47_dir,f98c7ce1-d835-3528-85d0-bc351792da23
coloku,81071a74-3c0d-37a7-9b6c-2018aac5c223
conan,fed5850d-b802-3666-ac5c-5af12888361d
conan2,49502f8a-ec14-3da7-b197-3426d7826625
conanstyl,157a5ca7-40e8-385e-85b2-ec001d3637af
conanstyle,4df8f1cd-2379-3722-a6a5-db34d719cb9f
conanstyle2,cabdef9d-7b07-3985-9ce6-22d56d01b1ac
conanstyle3,9d72487b-5d3d-3660-a892-35d050dc642f
crazylifate,086084c5-da32-3f53-a543-5ff2ba994005
crazylife,de4a0cd9-bb26-32f5-8b02-a08823e63a26
crus,c1310c85-8588-3cf9-af8f-31081196b4e2
cunt,725e387c-56ae-3425-a2cf-0880aa0200c1
cyx,5b797831-a88b-3b88-bccb-091207b350fe
cyx2,4d5058a3-deff-36eb-ab4e-9076593cf9c7
cyx_special,c558dd97-6fe6-3113-88ad-42c18c70eb64
czj,281e3f75-c6d2-31ef-9877-7b95ed5a3347
daboyao,a6122ce8-cd72-3483-821a-0d7ec1299068
dai,2273a2df-4a76-3e63-8b0c-4c3eab685b7e
dai2,7e268616-0506-3b98-965f-547d55af2009
daiminer,9a922fe1-4932-3583-84f6-dbccf68bcc03
darksun,a3690a53-a392-339f-8613-0d8839dc1cb8
da_cheng_zi,fcc42d25-b1fd-332a-a633-cdd2f721ef60
da_lan_huo,4b3533f4-9a4f-3603-90cb-ff108289d3e3
dday,7ad9cd3e-8dff-3747-b6d4-d81a0e6c9203
dday1,d3a9f24b-935e-3b8c-8cef-2cf1a6323b6b
demohn,3d15aee8-fcd3-3621-9383-4cb02a87cb15
deng,56ffec3e-5e9c-335a-add2-7c722ffc389a
dhj,2752c97f-c4ce-3a8d-a3aa-ac9ee9457d07
dicky,13d57dcd-bb52-3ff3-a105-778b842efe82
doctor,ee2a94b6-f833-30ae-ad54-0e31308ab3b2
dou_s,e892e173-a4ba-3623-8913-30ff78495af9
edmund,185a1b24-6355-3061-a47a-7eea935e4544
ezon,40c04e53-c597-3142-8968-2d45235c8b06
fallujah,df440f31-93e1-3ba1-94a4-51c7962d5fa8
farmer,a5dab65c-df6f-3c68-b6af-e0d68c3cd13b
fefty,c03dba5e-580f-3075-86c2-1458106f325b
felix,0ff3a9f9-6516-37bb-97d5-1abd4aa6a1a3
fengbs,4d5e6b56-5f5d-3956-a021-3e485e4b88da
fiamma,885b95ad-e7bd-36da-ad08-ed12f71c0eed
food,4a8c6fb5-bc39-3238-85c7-4253330335af
forwind,ef7e8c61-b0f9-3ff2-97ee-1a63be18c184
freetibet,12f76638-b19b-360d-94e7-f4283ff37276
frost,ebc3e87b-e187-3e61-b096-38e4fef558dc
gangganglaile,e4f8e4ca-cdfb-3ffe-8e94-c381a1f9e69e
gay,5dc54b2d-ed3e-31ea-a6fa-c29ae68f3b37
gfwind,c6c35187-97d0-394b-b20a-907c2ff4c981
ghost,48f83307-567a-33d7-8604-3b22ee4c1b84
gin,719e89c9-e894-3bf7-991a-20409ea1822c
gin_nanshan,9a474c8d-5d5d-368b-8a36-62f483b701e2
godgin,9bf66a31-6525-3a6c-b71a-2219c9338cf6
god_neal,a9f3a8e3-752c-37ac-a4b7-acc44ab1a43c
goodsome,d0dc6248-eda6-3b35-a92b-aac95470f4b9
google,84f47cb7-c1e9-3085-9437-7036cba3e4ac
green_s_word,cd5bc7af-8683-3235-948e-d553e65f47bf
gudusouwei,9c3d525c-e531-341f-9a8f-de0bce48f465
g_shadow,a45981da-8d98-3a4f-a3aa-14e6edf6735d
hanehane22,3b2b3a0b-9f03-3536-86ed-35c78b6539b3
hazumi,0e27e251-d6e5-3b41-9025-c43b64ab189d
hehe,d3e6f6a5-74ad-3560-aa97-ecac84b678cd
helloworld,c943c521-3290-39bf-a960-316a712d1bc6
helmholtz,8b0d4d74-7a05-3ea1-aade-180ed91aad4c
henan,08bed78d-440e-33b6-a9ce-4e0491ad410e
henry,7f3cac41-f70c-3310-a824-e250dd875126
hero,56cda256-3911-3019-9b33-788b5581e090
heyan,641b01b9-9897-3d82-8501-77c8ee5f8e67
hitler,31f1406e-022b-3a05-95c6-cfb1a782df80
hokodo,45d5ddd4-928f-37b5-88be-489745e40882
holy,eb064f86-c25a-3dc3-acbc-6e6cf491cb1a
htimeag,373561b4-3ca6-3659-8dfe-4fdcd2c0619c
huominghu,bb0a5789-745f-3894-9859-4b6af0839be8
hyy6,d2097c95-3950-3a13-9036-f8a77b5e4329
hyywestwood,e5fd22fb-b902-37e0-8edd-fbf36c98f7d2
ice,fa7ac566-19b8-35e9-b789-1e318900323b
ice_cup,5b4001f6-b6dc-3206-b3dd-3559042767f8
ice_kirsch,aa3d9d76-4bc8-314c-86b7-1dd94d5593d5
ichi,63ff2440-6f59-38d0-b56e-e0efa082dd6f
icicle,d288d28a-9ee8-3ad1-836f-96e17b458341
ifthen,6001def6-476d-3ba8-9bd6-018197204d28
iostream,e6124d44-145d-31c8-adca-8d79d4db9324
iridle,f6c3acc7-eaa4-3b44-b250-eab464e4d481
izayoi_sakuya,b8258f03-acd7-361f-8822-a1bbbc01662a
java,455f2463-f388-3a10-8dd9-bf825156e5e9
jian_ai,32679b3b-f36d-3bbe-8808-cc5d051f15e3
jian_ai_,bc7f4a9d-3996-32f6-b89f-407148ea73eb
jian_sang,de76c7cb-b4dc-3ca7-a00c-54d0f7514d55
jiye,8a5c79e1-6d1c-3c5d-9c2a-2a4905a30afe
ji_ye,eb0484fd-d9ae-3a51-8846-d3896a43d3b4
jjjjjim,010833c3-f1d1-3cb2-a091-5caa13cd5a02
john,9c5ce314-a879-35ce-b54c-7fd3ff05419f
jspuyy,eed09e5d-adec-39f3-9c37-b8a41bd320a6
justwe,2d5250c1-7267-34a9-9be2-b6f0ed899cd8
kakario,c4dee824-f20d-306c-9e23-dfd77f8d4f88
kawaiimare,6f4e85dc-4198-385c-8c17-8f7b00cbffdb
keynes,0d81e3d9-9eb7-39d1-a4f7-0c4c504e2a09
kidconan,4c517d77-bdee-309d-978b-99f36ef57368
killer,de4ef994-073d-3610-83ea-52a5859b0ee6
kingrui,94e4c766-7a0b-335b-8bd5-62a130412b43
kingrui2,06177ec0-b4f0-32a6-98cc-b48cd6a7c9bf
komac,fab2ddb4-1c41-38df-a973-99630a88c868
kself,0f353408-0967-3ebb-b29b-5ec74ce6370d
lenovo,8f1eb39e-170a-3f4d-957f-fae145e88c42
leonadoooo,96854942-504b-329d-9ed0-c1c58927d5b8
leonz,4fcc9fe8-7e22-3960-bd1e-dc13874d8a20
linux,4911b820-98e6-3a76-994d-c32eb1d569f5
lipe,94b36413-62ff-3e90-bd65-3baa2afedc73
liper,b106d7c6-3cca-3ae1-bf28-57c0408719a0
lipest,9d8464e7-11b3-36d3-b233-c975d30235f9
litao,3b8b0b63-e0fb-3ceb-8086-a85d2d3cc6d7
little,2b8c76db-aa25-3e7e-9c9e-dff02ffe0b15
longer,bca1fdbb-27ce-3d0b-bc0b-ca58e3e7d534
lqm,e97b8753-2403-3fdb-98dc-c68fb6d81aee
luyi,b6e4eeeb-dab5-3545-bee6-b55941790ae5
luyi_b,825367f5-8edf-34aa-8de7-45a981efbe98
lyb,93f08ece-cadf-3d7a-b38a-faad82496cf3
lychee,d98b634e-984b-31b8-985f-6f69a2486a04
lzy,b80fea61-ce7b-3266-9c05-a6682f17aa1b
mad,81099722-8618-33dd-8a71-ee9b47490c8d
mancap,d0940d8b-7cb5-3286-952f-e2a1bb9f6a41
mc0zju,e380d350-9b74-39e4-a4a2-bcd36aef9bc9
mcguo,e9810a8c-8472-35f4-b0bc-e60800cdbe34
mc_coloku,58211f9f-765b-3a6e-a047-561c804b8d63
melody,86e1de02-f9bc-3a7b-a2c0-14dbd503cd68
mianmian,c3fb51d3-b79c-396c-a167-8aa2917d7bff
miao,977cc0ae-a4ce-3b87-adf1-98e2e2236db7
minecraft,ee24622f-f3c6-354c-b4e5-efd9833bf950
minecraftx,e6d9ab35-43aa-385a-91a7-6c469e9b9a1d
miner,c6de437b-37c9-34a7-9877-c68e597e56e3
miro2014,913bcebd-752c-3122-b553-a7416d91dc02
mochimazui,075ceb27-e581-34db-ac41-4d4a58d82e1a
moyin,341f6acf-9f16-3396-9564-f7e1fc3f4fb0
moying,04735202-2f28-3b95-8c6f-37b5fe17699a
moyingai,ddf15605-060e-38f6-b03d-aec8d15b192b
muchezi,2a7827c4-eb49-32d3-941a-c08ae239ce9f
mybesthd,e891a0ca-fa14-3446-9a2a-fe8dd1d0f3b6
m_is_you,764edb0e-8c34-335c-b23d-fefd1da73313
namespace,6d1e7a14-78b7-374e-b49b-d48051e4923a
nasty,b2d1a0c3-49d7-369a-8a45-a71951ea8a9e
neal,caabfe65-e87d-3baa-acd4-1ad74484cc03
nekto,d3075178-17b6-3c58-b120-5a1f7f409018
neonkrypton,148c7938-5e98-31c7-9c4e-60bebd75d8c1
nick,f772ff11-b74c-3a21-8353-07ffa7c9e00a
nickal,0780d312-99ca-3040-ab95-60f4f730a8f4
nickalds,51d919ef-cb38-38dc-85c8-916f5fee194d
nicolechen235,c8b40df3-5beb-3862-a6e4-5265bc40c126
nobeee,fb118ed2-2c18-3631-b740-1612310661d2
nostalgia,dff967d1-0932-352d-b451-a498f83790c7
notch,b50ad385-829d-3141-a216-7e7d7539ba7f
novemberkilo,415f8684-6ea9-33b3-b89c-20db4bf4d8c7
oldjunyi,e477b495-0441-3a96-ad4d-851c26a941f7
oldwood,2d32115f-a60d-3abf-b219-977c18fb3901
omensss,892bcf86-eac8-306c-9ce4-2424edfc30e4
onehoho,adfdb49b-9014-3b37-a63e-105b7a288921
orwind,0c2acdd9-846f-327c-a6f5-ec5227b658bb
osn,75cc0533-418b-36a6-8910-015768663f2a
otaku,1e8bb5ed-65e1-3561-b826-a766142a0a21
owensss,1b4ba69a-2262-3e60-8df7-68d34878a172
ownesss,a913bd5e-a066-3e2d-a7aa-5a02ee5d4361
page9,bfead0ad-2479-3e36-9dab-2d71fed7461d
panda0447,fefd2de2-d1b1-3348-b2af-fd3072b1de8c
paopao,dd4c1a9c-5217-3671-a196-6c9f0afc2290
pera,490db304-b3c3-34a2-8279-005edca9a9ad
phosphorus,f92b80be-88bc-32ed-b768-ed9f327fd8e2
phosphorus3,0558e70e-31ef-32a9-b66f-0a2c5bd8b727
pipi,e8bf58c4-f03a-3724-bf08-c47b238791a0
platinum,b885b17f-5417-3f7a-b6d5-6d5d83bf415b
player007,1ea3447b-185a-3d6a-bf68-1fa74bf4e902
playerzju,638742d8-9173-30ba-90b3-0257ab0118ad
plq,f4e9a415-d7ea-3897-b6f3-0a9bd78a76fd
poly_zxy,7e78f3a2-7a90-3f14-9b29-2dbb15418c8a
ppp,84b51833-bcb2-33e2-8fa3-9807db105f6e
profuns,cc7cadb7-5364-315a-8a82-286ac0388e95
pulunlam,59f298dc-9e0e-3935-83c7-6b9227f6dc70
qiekenao,906d570d-c56e-33f6-9632-13d41e9610f3
qingxi627,b8ae768b-dc91-33ff-b215-3a979961eb08
rio,4ebaf4e6-3cd2-32ea-91d5-c9cc39926bd6
rolling_donkey,6cbb4faa-26e4-382b-8f42-dbbe3903f0a7
runtu,040728b9-0088-30b9-9c84-c4ee08573130
r_lipe,95343fad-eb43-3013-bd4b-f8d933b50aef
sabei,e8822ac4-fa7a-3316-a366-d3ebe007e12d
safr,4f437716-1a90-3a28-9ec2-2272545fbb39
sakura,7a172510-82a8-3dce-aea7-84bf0cc2ee78
sakuya,5bdc05d9-2dae-38c5-8b52-0e897bd95d1e
sakuya2,769b64fc-aba7-309a-918a-4fdaf817d9e7
sakuyax,d3fc123b-6735-3d94-b88f-65159180c171
sakuya_b,8f99309a-e206-30e9-88ee-492fc6098a8c
saytoo,236e734e-afa5-33f6-b20d-4152c9447776
searain,258c16e6-bc8a-3dbc-845b-5c9d672b8f76
semiconductor,66189e99-efd6-3207-a31f-baa5961e729c
shadow,55576363-a43c-36f6-b83b-ceac7eff7544
shadow_kid,9cfbd530-85f4-3b10-aee6-871529625708
shmily,fbea31c1-fb4f-3f56-86c8-906bcabca4ba
shuiren,656fbb01-7107-3d17-8362-08eb2e722b39
situku,21a358b6-52ec-394a-9c75-c2ae65816c3f
sixtyfifth,dfe668d3-7687-38d3-8c9b-ed52d8ef20d2
sixty_fifth,c8af38ed-86bd-32b7-a3ef-3ac7ad30d9f9
sjjklh,9010ac53-b3ee-3b31-a18c-b66da6bd7e7c
skymoon,bd12696a-0620-3b65-89d8-1b9fa610c898
small,ab0e5cfa-7958-3f03-a5ab-38361d0c9666
smart_tiny,35e74c23-86aa-34c6-8eec-0bb915e9f006
ssyy,01d60665-d212-355e-be46-6b5f88f1ce83
ssyy2,c35f57d3-f179-3c54-ac42-592d3dc8ba83
st0rm23,f212c195-1feb-3621-b511-0eeab4ab43df
still,d865935b-c53c-3074-a643-77342db7f5fe
stone,1e5c53ef-af12-315c-97da-904d04acf234
storm,a8ce36a7-45ab-3a2e-822d-e1fdea6c211c
summer,520324a1-0030-3345-abb1-bbb9262f6798
summer0_0,85973092-d1b8-34f1-bfb3-43f06676d9fa
sun,36ca034a-3da5-38df-98b3-f9552ac91716
sun89moon,17900e0b-38bf-3636-aa80-13f1c3ba1339
sunny,a8fc6cfc-e3b6-31b2-9720-21288b4f7683
sun_shines,35f11bb0-a8c7-3936-b700-f91de50db28e
superkido,aee246e7-97af-3187-ab6b-e9ec8704ab38
superpig,5fdc50c4-3bde-373d-9fa4-644aa1f93dc0
sweetums,b9700ae0-062e-3b5b-afb0-67072242b36b
tera,500f0d07-3c82-382e-a5b6-e6244c88fdaf
think,bab16c51-1fd7-3f32-94b6-2ced339fe1e8
tiger,621e7aa1-fae4-3e4f-9334-4f92e1ed7eac
tigerjang,801000ca-1d64-380c-a63e-403268599232
tinker,fabcb066-7931-3c92-b365-ffa6b93897b3
tiny,bf5adb4f-03c9-3b6e-be37-94d234650d0d
tniagrear,cb48a1a6-2165-3e89-8fcc-c5be19d49b5b
tokamak3,3339cd08-0f10-3fdb-b9fc-eac7a8a0f2c1
tttttim,be98a4be-5b84-39b9-be51-a6e323e3a88f
tuye2334,e83c2a2c-3790-37f6-99f0-38b5292fcb87
unbored,cde50324-cdd5-31ef-85ad-78fa37d09745
uncle_otaku,5937a14e-3433-3593-981b-1bed49a00d1d
vampirec,134cd922-296d-30a7-8520-aebcfa71cd0b
ventus,dfe1578d-964d-380d-a085-43ec3bcee4ab
vio,46136391-57b1-3b73-9d1f-9f8884f4e3b2
vita,02b7e307-1df8-3335-b451-c9b7a99039e6
volcanno,686634dd-c5a1-3858-a06a-75b09612d08d
volcano,29ec7bf6-fe75-3cde-8f4e-766a754effdc
w3_3w,19e505ce-7e73-3229-b318-85fa13c4c5ab
wat08,c7f06dd8-1126-33e6-b790-5df178e880ec
wat1,ecc0aa4a-08ef-3cd0-ad36-c3a233e7af14
watchmaker,db7fdaaa-19e4-3ba2-9750-bf98e7757809
waterman,b2ad2310-2642-39c4-96b1-11204d021866
whatf,59fa832a-b10d-3627-be5c-5f8604869c68
whatfu,3ba4c27e-212a-32bb-858c-2511b09866e7
wholanz,e85677a1-9ceb-37c5-b18d-d9d17c00f600
window,a6aa5d50-9480-308b-bb64-e92706b18a8b
windows,3d6b4b82-cd3a-3e63-b94e-62a85eb377c9
wo_shi_xiny,55040e11-145a-3dee-b379-5d5f5062ba65
wpc,a82795df-9e6a-389a-844c-d92137bfa23e
wusword,08f3edd5-c58a-3fd6-95ef-dd6027f8af8a
www,20b137f6-0b1d-32ef-9cd5-1074a0ba4ea6
www_test,0d3a5662-9c33-3794-a985-36cc74152e34
www_test1,ed4027d4-15b2-34fd-9a39-9b35de4ce070
wxz,096b0f44-8459-3a40-85f6-8f4792578136
w_ing,5ceb085b-75c4-3129-9b9e-59dfc0a79c79
xiang,6a54f11b-a923-3f62-831a-edb6c90cc371
xiansheng,3334502f-01d6-3185-add0-f931ff44414e
xiao,7a39c12c-3928-3bb7-a73d-07ea8c3f3efe
xiaodongzhou,ff5a4d39-9ccc-3684-b9a4-3eac64d55fe0
xiaosama,d410c0d2-7658-302b-a779-de01c52eba31
xiaotiaopi,c7061c45-fed4-37a8-af66-436421c6d22b
xiaoxi,50447df2-c94b-3a75-aff1-6aaa18382258
xinghun_sui,a7de332c-8a11-373e-b15f-8395dc940ea9
xiny,8c770eaa-1cae-3bae-a326-1787c55604b3
xiny_ynix,73b645e5-e7ea-3a49-9b82-aee0dbd1d489
xxnazhubo,07e90444-709f-3db1-bb60-e2a478370a32
xxyy,adc016d4-be5b-344e-b5d8-0d46646d9fd7
yamete_00,42b93198-1d8b-3df5-a65d-773a216d401c
yanmin,0fa34d4c-bc0f-3f9c-a977-f220814d0e8a
yeswecan,d6a70da3-34cd-3b57-be9e-11c96a05119f
ynix,58290cd7-a17b-3084-8287-1505442891d7
yrzr,65690543-d976-3cea-abf0-64f1063c7e7c
yrzr1,9b41c495-5829-322d-9e30-3579845cb6b5
yujian,5ff8d073-4066-395b-9847-04a34212cd48
yyz606,46b7ede7-7bdb-35bd-9560-3737425c8f1a
yzl621,f972f2d3-a40c-3ea2-b600-94e88d8c8a66
yzyzsun,6f51a4ef-af0e-395b-a34a-b3cf34594a67
zcj,c2a6fbf1-66c1-3a21-95cd-80dfb80cc941
zhanztx,c563b33c-99e8-32ce-aa68-d703a4e20dea
zhan_o,92132e2b-14b1-38ad-b99c-44837dc6b350
zhong,88506fb5-5cc9-3614-a4df-3ef86591355c
zhou,b08a9488-3056-3abd-bda2-a5eb58574eb0
zhuluming,5f1c404e-b73f-35c1-bdb6-275a02d75e01
zqdan,fc7c23c6-421c-3727-bbe9-95be5a5d1af6
_matr1x_,e1fe8636-c9fd-37c1-b420-be7c73f66e6a
